organism_name,ncbi_organism_name,ncbi_taxonomy,gtdb_taxonomy,gtdb_representative,gtdb_type_designation
GCF_000423125.1,Haliea salexigens DSM 19537,d__Bacteria;p__Proteobacteria;c__Gammaproteobacteria;o__Cellvibrionales;f__Halieaceae;g__Haliea;s__Haliea salexigens,d__Bacteria;p__Proteobacteria;c__Gammaproteobacteria;o__Pseudomonadales;f__Halieaceae;g__Haliea;s__Haliea salexigens,True,type strain of species
GCF_000158175.1,Luminiphilus syltensis NOR5-1B,d__Bacteria;p__Proteobacteria;c__Gammaproteobacteria;o__Cellvibrionales;f__Halieaceae;g__Luminiphilus;s__Luminiphilus syltensis,d__Bacteria;p__Proteobacteria;c__Gammaproteobacteria;o__Pseudomonadales;f__Halieaceae;g__Luminiphilus;s__Luminiphilus syltensis,True,type strain of species
GCF_000158155.1,gamma proteobacterium NOR5-3,d__Bacteria;p__Proteobacteria;c__Gammaproteobacteria;o__;f__;g__;s__,d__Bacteria;p__Proteobacteria;c__Gammaproteobacteria;o__Pseudomonadales;f__Halieaceae;g__Congregibacter;s__Congregibacter sp000158155,True,not type material
GCF_000227505.1,gamma proteobacterium HIMB55,d__Bacteria;p__Proteobacteria;c__Gammaproteobacteria;o__Cellvibrionales;f__Halieaceae;g__;s__,d__Bacteria;p__Proteobacteria;c__Gammaproteobacteria;o__Pseudomonadales;f__Halieaceae;g__Luminiphilus;s__Luminiphilus sp000227505,True,not type material
GCF_000204315.1,Halieaceae bacterium IMCC3088,d__Bacteria;p__Proteobacteria;c__Gammaproteobacteria;o__Cellvibrionales;f__Halieaceae;g__;s__,d__Bacteria;p__Proteobacteria;c__Gammaproteobacteria;o__Pseudomonadales;f__Halieaceae;g__IMCC3088;s__IMCC3088 sp000204315,False,not type material
GCF_000169115.1,marine gamma proteobacterium HTCC2080,d__Bacteria;p__Proteobacteria;c__Gammaproteobacteria;o__Cellvibrionales;f__Halieaceae;g__;s__,d__Bacteria;p__Proteobacteria;c__Gammaproteobacteria;o__Pseudomonadales;f__Halieaceae;g__Luminiphilus;s__Luminiphilus sp000169115,True,not type material
GCF_000764025.1,Pseudohaliea rubra DSM 19751,d__Bacteria;p__Proteobacteria;c__Gammaproteobacteria;o__Cellvibrionales;f__Halieaceae;g__Pseudohaliea;s__Pseudohaliea rubra,d__Bacteria;p__Proteobacteria;c__Gammaproteobacteria;o__Pseudomonadales;f__Halieaceae;g__Pseudohaliea;s__Pseudohaliea rubra,True,type strain of species
GCF_000156295.1,marine gamma proteobacterium HTCC2148,d__Bacteria;p__Proteobacteria;c__Gammaproteobacteria;o__Cellvibrionales;f__Halieaceae;g__;s__,d__Bacteria;p__Proteobacteria;c__Gammaproteobacteria;o__Pseudomonadales;f__Halieaceae;g__Halioglobus;s__Halioglobus sp000156295,True,not type material
GCF_000153125.2,Congregibacter litoralis KT71,d__Bacteria;p__Proteobacteria;c__Gammaproteobacteria;o__Cellvibrionales;f__Halieaceae;g__Congregibacter;s__Congregibacter litoralis,d__Bacteria;p__Proteobacteria;c__Gammaproteobacteria;o__Pseudomonadales;f__Halieaceae;g__Congregibacter;s__Congregibacter litoralis,True,type strain of species
GCF_001635445.1,Halioglobus sp. HI00S01,d__Bacteria;p__Proteobacteria;c__Gammaproteobacteria;o__Cellvibrionales;f__Halieaceae;g__Halioglobus;s__,d__Bacteria;p__Proteobacteria;c__Gammaproteobacteria;o__Pseudomonadales;f__Halieaceae;g__Halioglobus;s__Halioglobus japonicus,False,not type material
GCF_001953075.1,Halioglobus pacificus,d__Bacteria;p__Proteobacteria;c__Gammaproteobacteria;o__Cellvibrionales;f__Halieaceae;g__Halioglobus;s__Halioglobus pacificus,d__Bacteria;p__Proteobacteria;c__Gammaproteobacteria;o__Pseudomonadales;f__Halieaceae;g__Halioglobus;s__Halioglobus lutimaris,False,not type material
GCF_001983995.1,Halioglobus japonicus,d__Bacteria;p__Proteobacteria;c__Gammaproteobacteria;o__Cellvibrionales;f__Halieaceae;g__Halioglobus;s__Halioglobus japonicus,d__Bacteria;p__Proteobacteria;c__Gammaproteobacteria;o__Pseudomonadales;f__Halieaceae;g__Halioglobus;s__Halioglobus japonicus,True,type strain of species
GCA_002167765.1,Cellvibrionales bacterium TMED21,d__Bacteria;p__Proteobacteria;c__Gammaproteobacteria;o__Cellvibrionales;f__;g__;s__,d__Bacteria;p__Proteobacteria;c__Gammaproteobacteria;o__Pseudomonadales;f__Halieaceae;g__Luminiphilus;s__Luminiphilus sp002456975,False,not type material
GCA_002172195.2,Cellvibrionales bacterium TMED157,d__Bacteria;p__Proteobacteria;c__Gammaproteobacteria;o__Cellvibrionales;f__;g__;s__,d__Bacteria;p__Proteobacteria;c__Gammaproteobacteria;o__Pseudomonadales;f__Halieaceae;g__Luminiphilus;s__Luminiphilus sp002691565,False,not type material
GCA_002171435.2,Alteromonadaceae bacterium TMED101,d__Bacteria;p__Proteobacteria;c__Gammaproteobacteria;o__Alteromonadales;f__Alteromonadaceae;g__;s__,d__Bacteria;p__Proteobacteria;c__Gammaproteobacteria;o__Pseudomonadales;f__Halieaceae;g__Luminiphilus;s__Luminiphilus sp003331335,False,not type material
GCA_002171595.1,Cellvibrionales bacterium TMED79,d__Bacteria;p__Proteobacteria;c__Gammaproteobacteria;o__Cellvibrionales;f__;g__;s__,d__Bacteria;p__Proteobacteria;c__Gammaproteobacteria;o__Pseudomonadales;f__Halieaceae;g__Luminiphilus;s__Luminiphilus sp002689915,False,not type material
GCA_002339205.1,Halieaceae bacterium UBA2614,d__Bacteria;p__Proteobacteria;c__Gammaproteobacteria;o__Cellvibrionales;f__Halieaceae;g__;s__,d__Bacteria;p__Proteobacteria;c__Gammaproteobacteria;o__Pseudomonadales;f__Halieaceae;g__Halioglobus;s__Halioglobus sp002699145,False,not type material
GCA_002699145.1,Halioglobus sp.,d__Bacteria;p__Proteobacteria;c__Gammaproteobacteria;o__Cellvibrionales;f__Halieaceae;g__Halioglobus;s__,d__Bacteria;p__Proteobacteria;c__Gammaproteobacteria;o__Pseudomonadales;f__Halieaceae;g__Halioglobus;s__Halioglobus sp002699145,True,not type material
GCA_002469785.1,Halieaceae bacterium UBA7381,d__Bacteria;p__Proteobacteria;c__Gammaproteobacteria;o__Cellvibrionales;f__Halieaceae;g__;s__,d__Bacteria;p__Proteobacteria;c__Gammaproteobacteria;o__Pseudomonadales;f__Halieaceae;g__Luminiphilus;s__Luminiphilus sp002469785,True,not type material
GCA_002389625.1,Halieaceae bacterium UBA4423,d__Bacteria;p__Proteobacteria;c__Gammaproteobacteria;o__Cellvibrionales;f__Halieaceae;g__;s__,d__Bacteria;p__Proteobacteria;c__Gammaproteobacteria;o__Pseudomonadales;f__Halieaceae;g__Luminiphilus;s__Luminiphilus sp002390485,False,not type material
GCA_002862405.1,Proteobacteria bacterium,d__Bacteria;p__Proteobacteria;c__;o__;f__;g__;s__,d__Bacteria;p__Proteobacteria;c__Gammaproteobacteria;o__Pseudomonadales;f__Halieaceae;g__Luminiphilus;s__Luminiphilus sp002862405,True,not type material
GCA_002414665.1,Halieaceae bacterium UBA5085,d__Bacteria;p__Proteobacteria;c__Gammaproteobacteria;o__Cellvibrionales;f__Halieaceae;g__;s__,d__Bacteria;p__Proteobacteria;c__Gammaproteobacteria;o__Pseudomonadales;f__Halieaceae;g__Haliea;s__Haliea sp002414665,True,not type material
GCA_002434985.1,Halieaceae bacterium UBA6519,d__Bacteria;p__Proteobacteria;c__Gammaproteobacteria;o__Cellvibrionales;f__Halieaceae;g__;s__,d__Bacteria;p__Proteobacteria;c__Gammaproteobacteria;o__Pseudomonadales;f__Halieaceae;g__Luminiphilus;s__Luminiphilus sp002721785,False,not type material
GCA_002414445.1,Halieaceae bacterium UBA5105,d__Bacteria;p__Proteobacteria;c__Gammaproteobacteria;o__Cellvibrionales;f__Halieaceae;g__;s__,d__Bacteria;p__Proteobacteria;c__Gammaproteobacteria;o__Pseudomonadales;f__Halieaceae;g__NZNC01;s__NZNC01 sp002692965,False,not type material
GCA_002390055.1,Halieaceae bacterium UBA4469,d__Bacteria;p__Proteobacteria;c__Gammaproteobacteria;o__Cellvibrionales;f__Halieaceae;g__;s__,d__Bacteria;p__Proteobacteria;c__Gammaproteobacteria;o__Pseudomonadales;f__Halieaceae;g__Luminiphilus;s__Luminiphilus sp002389505,False,not type material
GCA_002748505.1,Gammaproteobacteria bacterium,d__Bacteria;p__Proteobacteria;c__Gammaproteobacteria;o__;f__;g__;s__,d__Bacteria;p__Proteobacteria;c__Gammaproteobacteria;o__Pseudomonadales;f__Halieaceae;g__GCA-2748505;s__GCA-2748505 sp002748505,True,not type material
GCA_002377985.1,Halieaceae bacterium UBA3479,d__Bacteria;p__Proteobacteria;c__Gammaproteobacteria;o__Cellvibrionales;f__Halieaceae;g__;s__,d__Bacteria;p__Proteobacteria;c__Gammaproteobacteria;o__Pseudomonadales;f__Halieaceae;g__Luminiphilus;s__Luminiphilus sp002377985,True,not type material
GCA_002388785.1,Halieaceae bacterium UBA4500,d__Bacteria;p__Proteobacteria;c__Gammaproteobacteria;o__Cellvibrionales;f__Halieaceae;g__;s__,d__Bacteria;p__Proteobacteria;c__Gammaproteobacteria;o__Pseudomonadales;f__Halieaceae;g__Haliea;s__Haliea salexigens,False,not type material
GCA_002456975.1,Halieaceae bacterium MED-G27,d__Bacteria;p__Proteobacteria;c__Gammaproteobacteria;o__Cellvibrionales;f__Halieaceae;g__;s__,d__Bacteria;p__Proteobacteria;c__Gammaproteobacteria;o__Pseudomonadales;f__Halieaceae;g__Luminiphilus;s__Luminiphilus sp002456975,True,not type material
GCA_002691405.1,Halieaceae bacterium,d__Bacteria;p__Proteobacteria;c__Gammaproteobacteria;o__Cellvibrionales;f__Halieaceae;g__;s__,d__Bacteria;p__Proteobacteria;c__Gammaproteobacteria;o__Pseudomonadales;f__Halieaceae;g__Luminiphilus;s__Luminiphilus sp002691405,True,not type material
GCA_002696455.1,Halieaceae bacterium,d__Bacteria;p__Proteobacteria;c__Gammaproteobacteria;o__Cellvibrionales;f__Halieaceae;g__;s__,d__Bacteria;p__Proteobacteria;c__Gammaproteobacteria;o__Pseudomonadales;f__Halieaceae;g__Luminiphilus;s__Luminiphilus sp002696455,True,not type material
GCA_002416125.1,Halieaceae bacterium UBA5044,d__Bacteria;p__Proteobacteria;c__Gammaproteobacteria;o__Cellvibrionales;f__Halieaceae;g__;s__,d__Bacteria;p__Proteobacteria;c__Gammaproteobacteria;o__Pseudomonadales;f__Halieaceae;g__Haliea;s__Haliea sp002416125,True,not type material
GCA_002364045.1,Halieaceae bacterium UBA3188,d__Bacteria;p__Proteobacteria;c__Gammaproteobacteria;o__Cellvibrionales;f__Halieaceae;g__;s__,d__Bacteria;p__Proteobacteria;c__Gammaproteobacteria;o__Pseudomonadales;f__Halieaceae;g__Haliea;s__Haliea salexigens,False,not type material
GCA_002379405.1,Halieaceae bacterium UBA4216,d__Bacteria;p__Proteobacteria;c__Gammaproteobacteria;o__Cellvibrionales;f__Halieaceae;g__;s__,d__Bacteria;p__Proteobacteria;c__Gammaproteobacteria;o__Pseudomonadales;f__Halieaceae;g__Haliea;s__Haliea salexigens,False,not type material
GCA_002683335.1,Halieaceae bacterium,d__Bacteria;p__Proteobacteria;c__Gammaproteobacteria;o__Cellvibrionales;f__Halieaceae;g__;s__,d__Bacteria;p__Proteobacteria;c__Gammaproteobacteria;o__Pseudomonadales;f__Halieaceae;g__Luminiphilus;s__Luminiphilus sp002683335,True,not type material
GCA_002689915.1,Halieaceae bacterium,d__Bacteria;p__Proteobacteria;c__Gammaproteobacteria;o__Cellvibrionales;f__Halieaceae;g__;s__,d__Bacteria;p__Proteobacteria;c__Gammaproteobacteria;o__Pseudomonadales;f__Halieaceae;g__Luminiphilus;s__Luminiphilus sp002689915,True,not type material
GCA_002384045.1,Halieaceae bacterium UBA4019,d__Bacteria;p__Proteobacteria;c__Gammaproteobacteria;o__Cellvibrionales;f__Halieaceae;g__;s__,d__Bacteria;p__Proteobacteria;c__Gammaproteobacteria;o__Pseudomonadales;f__Halieaceae;g__IMCC3088;s__IMCC3088 sp003520285,False,not type material
GCA_002346275.1,Halieaceae bacterium UBA3019,d__Bacteria;p__Proteobacteria;c__Gammaproteobacteria;o__Cellvibrionales;f__Halieaceae;g__;s__,d__Bacteria;p__Proteobacteria;c__Gammaproteobacteria;o__Pseudomonadales;f__Halieaceae;g__IMCC3088;s__IMCC3088 sp003520285,False,not type material
GCA_002705465.1,Halieaceae bacterium,d__Bacteria;p__Proteobacteria;c__Gammaproteobacteria;o__Cellvibrionales;f__Halieaceae;g__;s__,d__Bacteria;p__Proteobacteria;c__Gammaproteobacteria;o__Pseudomonadales;f__Halieaceae;g__Luminiphilus;s__Luminiphilus sp002705465,True,not type material
GCA_002704305.1,Halieaceae bacterium,d__Bacteria;p__Proteobacteria;c__Gammaproteobacteria;o__Cellvibrionales;f__Halieaceae;g__;s__,d__Bacteria;p__Proteobacteria;c__Gammaproteobacteria;o__Pseudomonadales;f__Halieaceae;g__Luminiphilus;s__Luminiphilus sp002456975,False,not type material
GCA_002703585.1,Halieaceae bacterium,d__Bacteria;p__Proteobacteria;c__Gammaproteobacteria;o__Cellvibrionales;f__Halieaceae;g__;s__,d__Bacteria;p__Proteobacteria;c__Gammaproteobacteria;o__Pseudomonadales;f__Halieaceae;g__Luminiphilus;s__Luminiphilus sp002703585,True,not type material
GCA_002691565.1,Halieaceae bacterium,d__Bacteria;p__Proteobacteria;c__Gammaproteobacteria;o__Cellvibrionales;f__Halieaceae;g__;s__,d__Bacteria;p__Proteobacteria;c__Gammaproteobacteria;o__Pseudomonadales;f__Halieaceae;g__Luminiphilus;s__Luminiphilus sp002691565,True,not type material
GCA_002683395.1,Halieaceae bacterium,d__Bacteria;p__Proteobacteria;c__Gammaproteobacteria;o__Cellvibrionales;f__Halieaceae;g__;s__,d__Bacteria;p__Proteobacteria;c__Gammaproteobacteria;o__Pseudomonadales;f__Halieaceae;g__Luminiphilus;s__Luminiphilus sp002683395,True,not type material
GCA_002721785.1,Halieaceae bacterium,d__Bacteria;p__Proteobacteria;c__Gammaproteobacteria;o__Cellvibrionales;f__Halieaceae;g__;s__,d__Bacteria;p__Proteobacteria;c__Gammaproteobacteria;o__Pseudomonadales;f__Halieaceae;g__Luminiphilus;s__Luminiphilus sp002721785,True,not type material
GCA_002364075.1,Halieaceae bacterium UBA3187,d__Bacteria;p__Proteobacteria;c__Gammaproteobacteria;o__Cellvibrionales;f__Halieaceae;g__;s__,d__Bacteria;p__Proteobacteria;c__Gammaproteobacteria;o__Pseudomonadales;f__Halieaceae;g__Haliea;s__Haliea salexigens,False,not type material
GCA_002378915.1,Halieaceae bacterium UBA3444,d__Bacteria;p__Proteobacteria;c__Gammaproteobacteria;o__Cellvibrionales;f__Halieaceae;g__;s__,d__Bacteria;p__Proteobacteria;c__Gammaproteobacteria;o__Pseudomonadales;f__Halieaceae;g__Halioglobus;s__Halioglobus sp000156295,False,not type material
GCA_002384925.1,Halieaceae bacterium UBA3993,d__Bacteria;p__Proteobacteria;c__Gammaproteobacteria;o__Cellvibrionales;f__Halieaceae;g__;s__,d__Bacteria;p__Proteobacteria;c__Gammaproteobacteria;o__Pseudomonadales;f__Halieaceae;g__Haliea;s__Haliea sp002414665,False,not type material
GCA_002428935.1,Halieaceae bacterium UBA6060,d__Bacteria;p__Proteobacteria;c__Gammaproteobacteria;o__Cellvibrionales;f__Halieaceae;g__;s__,d__Bacteria;p__Proteobacteria;c__Gammaproteobacteria;o__Pseudomonadales;f__Halieaceae;g__Congregibacter;s__Congregibacter sp002428935,True,not type material
GCA_002390485.1,Halieaceae bacterium UBA4438,d__Bacteria;p__Proteobacteria;c__Gammaproteobacteria;o__Cellvibrionales;f__Halieaceae;g__;s__,d__Bacteria;p__Proteobacteria;c__Gammaproteobacteria;o__Pseudomonadales;f__Halieaceae;g__Luminiphilus;s__Luminiphilus sp002390485,True,not type material
GCA_002419665.1,Halieaceae bacterium UBA5721,d__Bacteria;p__Proteobacteria;c__Gammaproteobacteria;o__Cellvibrionales;f__Halieaceae;g__;s__,d__Bacteria;p__Proteobacteria;c__Gammaproteobacteria;o__Pseudomonadales;f__Halieaceae;g__Haliea;s__Haliea salexigens,False,not type material
GCA_002456955.1,Halieaceae bacterium MED-G26,d__Bacteria;p__Proteobacteria;c__Gammaproteobacteria;o__Cellvibrionales;f__Halieaceae;g__;s__,d__Bacteria;p__Proteobacteria;c__Gammaproteobacteria;o__Pseudomonadales;f__Halieaceae;g__Luminiphilus;s__Luminiphilus sp002691565,False,not type material
GCA_002415005.1,Halieaceae bacterium UBA5055,d__Bacteria;p__Proteobacteria;c__Gammaproteobacteria;o__Cellvibrionales;f__Halieaceae;g__;s__,d__Bacteria;p__Proteobacteria;c__Gammaproteobacteria;o__Pseudomonadales;f__Halieaceae;g__Haliea;s__Haliea salexigens,False,not type material
GCA_002726835.1,Haliea sp.,d__Bacteria;p__Proteobacteria;c__Gammaproteobacteria;o__Cellvibrionales;f__Halieaceae;g__Haliea;s__,d__Bacteria;p__Proteobacteria;c__Gammaproteobacteria;o__Pseudomonadales;f__Halieaceae;g__Haliea;s__Haliea salexigens,False,not type material
GCA_002685565.1,Haliea sp.,d__Bacteria;p__Proteobacteria;c__Gammaproteobacteria;o__Cellvibrionales;f__Halieaceae;g__Haliea;s__,d__Bacteria;p__Proteobacteria;c__Gammaproteobacteria;o__Pseudomonadales;f__Halieaceae;g__Haliea;s__Haliea salexigens,False,not type material
GCA_002707095.1,Haliea sp.,d__Bacteria;p__Proteobacteria;c__Gammaproteobacteria;o__Cellvibrionales;f__Halieaceae;g__Haliea;s__,d__Bacteria;p__Proteobacteria;c__Gammaproteobacteria;o__Pseudomonadales;f__Halieaceae;g__Haliea;s__Haliea salexigens,False,not type material
GCA_002684095.1,Haliea sp.,d__Bacteria;p__Proteobacteria;c__Gammaproteobacteria;o__Cellvibrionales;f__Halieaceae;g__Haliea;s__,d__Bacteria;p__Proteobacteria;c__Gammaproteobacteria;o__Pseudomonadales;f__Halieaceae;g__NZNC01;s__NZNC01 sp002692965,False,not type material
GCA_002723335.1,Haliea sp.,d__Bacteria;p__Proteobacteria;c__Gammaproteobacteria;o__Cellvibrionales;f__Halieaceae;g__Haliea;s__,d__Bacteria;p__Proteobacteria;c__Gammaproteobacteria;o__Pseudomonadales;f__Halieaceae;g__Haliea;s__Haliea sp002416125,False,not type material
GCA_002862985.1,Haliea sp.,d__Bacteria;p__Proteobacteria;c__Gammaproteobacteria;o__Cellvibrionales;f__Halieaceae;g__Haliea;s__,d__Bacteria;p__Proteobacteria;c__Gammaproteobacteria;o__Pseudomonadales;f__Halieaceae;g__Halioglobus;s__Halioglobus sp002862985,True,not type material
GCA_002862465.1,Haliea sp.,d__Bacteria;p__Proteobacteria;c__Gammaproteobacteria;o__Cellvibrionales;f__Halieaceae;g__Haliea;s__,d__Bacteria;p__Proteobacteria;c__Gammaproteobacteria;o__Pseudomonadales;f__Halieaceae;g__Halioglobus;s__Halioglobus sp002862465,True,not type material
GCA_002389505.1,Halieaceae bacterium UBA4452,d__Bacteria;p__Proteobacteria;c__Gammaproteobacteria;o__Cellvibrionales;f__Halieaceae;g__;s__,d__Bacteria;p__Proteobacteria;c__Gammaproteobacteria;o__Pseudomonadales;f__Halieaceae;g__Luminiphilus;s__Luminiphilus sp002389505,True,not type material
GCA_002692965.1,Haliea sp.,d__Bacteria;p__Proteobacteria;c__Gammaproteobacteria;o__Cellvibrionales;f__Halieaceae;g__Haliea;s__,d__Bacteria;p__Proteobacteria;c__Gammaproteobacteria;o__Pseudomonadales;f__Halieaceae;g__NZNC01;s__NZNC01 sp002692965,True,not type material
GCA_002719515.1,Haliea sp.,d__Bacteria;p__Proteobacteria;c__Gammaproteobacteria;o__Cellvibrionales;f__Halieaceae;g__Haliea;s__,d__Bacteria;p__Proteobacteria;c__Gammaproteobacteria;o__Pseudomonadales;f__Halieaceae;g__Haliea;s__Haliea salexigens,False,not type material
GCA_002683475.1,Haliea sp.,d__Bacteria;p__Proteobacteria;c__Gammaproteobacteria;o__Cellvibrionales;f__Halieaceae;g__Haliea;s__,d__Bacteria;p__Proteobacteria;c__Gammaproteobacteria;o__Pseudomonadales;f__Halieaceae;g__Haliea;s__Haliea salexigens,False,not type material
GCA_002365895.1,Halieaceae bacterium UBA3099,d__Bacteria;p__Proteobacteria;c__Gammaproteobacteria;o__Cellvibrionales;f__Halieaceae;g__;s__,d__Bacteria;p__Proteobacteria;c__Gammaproteobacteria;o__Pseudomonadales;f__Halieaceae;g__Haliea;s__Haliea salexigens,False,not type material
GCF_002866825.1,Halioglobus lutimaris,d__Bacteria;p__Proteobacteria;c__Gammaproteobacteria;o__Cellvibrionales;f__Halieaceae;g__Halioglobus;s__Halioglobus lutimaris,d__Bacteria;p__Proteobacteria;c__Gammaproteobacteria;o__Pseudomonadales;f__Halieaceae;g__Halioglobus;s__Halioglobus lutimaris,True,type strain of species
GCF_002868715.1,Kineobactrum sediminis,d__Bacteria;p__Proteobacteria;c__Gammaproteobacteria;o__Cellvibrionales;f__Halieaceae;g__Kineobactrum;s__Kineobactrum sediminis,d__Bacteria;p__Proteobacteria;c__Gammaproteobacteria;o__Pseudomonadales;f__Halieaceae;g__Kineobactrum;s__Kineobactrum sediminis,True,type strain of species
GCF_002869505.1,Halioglobus japonicus,d__Bacteria;p__Proteobacteria;c__Gammaproteobacteria;o__Cellvibrionales;f__Halieaceae;g__Halioglobus;s__Halioglobus japonicus,d__Bacteria;p__Proteobacteria;c__Gammaproteobacteria;o__Pseudomonadales;f__Halieaceae;g__Halioglobus;s__Halioglobus japonicus,False,type strain of species
GCA_003331335.1,Halieaceae bacterium,d__Bacteria;p__Proteobacteria;c__Gammaproteobacteria;o__Cellvibrionales;f__Halieaceae;g__;s__,d__Bacteria;p__Proteobacteria;c__Gammaproteobacteria;o__Pseudomonadales;f__Halieaceae;g__Luminiphilus;s__Luminiphilus sp003331335,True,not type material
GCA_003331685.1,Halieaceae bacterium,d__Bacteria;p__Proteobacteria;c__Gammaproteobacteria;o__Cellvibrionales;f__Halieaceae;g__;s__,d__Bacteria;p__Proteobacteria;c__Gammaproteobacteria;o__Pseudomonadales;f__Halieaceae;g__Luminiphilus;s__Luminiphilus sp003331685,True,not type material
GCA_003646415.1,Gammaproteobacteria bacterium,d__Bacteria;p__Proteobacteria;c__Gammaproteobacteria;o__;f__;g__;s__,d__Bacteria;p__Proteobacteria;c__Gammaproteobacteria;o__Pseudomonadales;f__Halieaceae;g__Halioglobus;s__Halioglobus sp003646415,True,not type material
GCA_003646405.1,Gammaproteobacteria bacterium,d__Bacteria;p__Proteobacteria;c__Gammaproteobacteria;o__;f__;g__;s__,d__Bacteria;p__Proteobacteria;c__Gammaproteobacteria;o__Pseudomonadales;f__Halieaceae;g__Halioglobus;s__Halioglobus sp003646405,True,not type material
GCA_003520285.1,Halieaceae bacterium,d__Bacteria;p__Proteobacteria;c__Gammaproteobacteria;o__Cellvibrionales;f__Halieaceae;g__;s__,d__Bacteria;p__Proteobacteria;c__Gammaproteobacteria;o__Pseudomonadales;f__Halieaceae;g__IMCC3088;s__IMCC3088 sp003520285,True,not type material
GCA_003517245.1,Halieaceae bacterium,d__Bacteria;p__Proteobacteria;c__Gammaproteobacteria;o__Cellvibrionales;f__Halieaceae;g__;s__,d__Bacteria;p__Proteobacteria;c__Gammaproteobacteria;o__Pseudomonadales;f__Halieaceae;g__Haliea;s__Haliea salexigens,False,not type material
GCA_003503475.1,Halieaceae bacterium,d__Bacteria;p__Proteobacteria;c__Gammaproteobacteria;o__Cellvibrionales;f__Halieaceae;g__;s__,d__Bacteria;p__Proteobacteria;c__Gammaproteobacteria;o__Pseudomonadales;f__Halieaceae;g__Haliea;s__Haliea salexigens,False,not type material
GCA_003523185.1,Halieaceae bacterium,d__Bacteria;p__Proteobacteria;c__Gammaproteobacteria;o__Cellvibrionales;f__Halieaceae;g__;s__,d__Bacteria;p__Proteobacteria;c__Gammaproteobacteria;o__Pseudomonadales;f__Halieaceae;g__Luminiphilus;s__Luminiphilus sp003523185,True,not type material
GCA_004213755.1,Halieaceae bacterium,d__Bacteria;p__Proteobacteria;c__Gammaproteobacteria;o__Cellvibrionales;f__Halieaceae;g__;s__,d__Bacteria;p__Proteobacteria;c__Gammaproteobacteria;o__Pseudomonadales;f__Halieaceae;g__Luminiphilus;s__Luminiphilus sp002683395,False,not type material
GCF_003719295.1,Haliea alexandrii,d__Bacteria;p__Proteobacteria;c__Gammaproteobacteria;o__Cellvibrionales;f__Halieaceae;g__Haliea;s__Haliea alexandrii,d__Bacteria;p__Proteobacteria;c__Gammaproteobacteria;o__Pseudomonadales;f__Halieaceae;g__Haliea;s__Haliea alexandrii,True,type strain of species
GCF_003428685.1,Chromatocurvus halotolerans,d__Bacteria;p__Proteobacteria;c__Gammaproteobacteria;o__Cellvibrionales;f__Halieaceae;g__Chromatocurvus;s__Chromatocurvus halotolerans,d__Bacteria;p__Proteobacteria;c__Gammaproteobacteria;o__Pseudomonadales;f__Halieaceae;g__Chromatocurvus;s__Chromatocurvus halotolerans,False,type strain of species
GCF_003457605.1,Halioglobus sediminis,d__Bacteria;p__Proteobacteria;c__Gammaproteobacteria;o__Cellvibrionales;f__Halieaceae;g__Halioglobus;s__Halioglobus sediminis,d__Bacteria;p__Proteobacteria;c__Gammaproteobacteria;o__Pseudomonadales;f__Halieaceae;g__Halioglobus;s__Halioglobus sediminis,True,type strain of species
GCF_003402235.1,Parahaliea mediterranea,d__Bacteria;p__Proteobacteria;c__Gammaproteobacteria;o__Cellvibrionales;f__Halieaceae;g__Parahaliea;s__Parahaliea mediterranea,d__Bacteria;p__Proteobacteria;c__Gammaproteobacteria;o__Pseudomonadales;f__Halieaceae;g__Parahaliea;s__Parahaliea mediterranea,True,type strain of species
GCF_004354085.1,Halieaceae bacterium GH4-78,d__Bacteria;p__Proteobacteria;c__Gammaproteobacteria;o__Cellvibrionales;f__Halieaceae;g__;s__,d__Bacteria;p__Proteobacteria;c__Gammaproteobacteria;o__Pseudomonadales;f__Halieaceae;g__Halioglobus;s__Halioglobus sp004354085,True,not type material
GCF_004745945.1,Haliea sp. SAOS-164,d__Bacteria;p__Proteobacteria;c__Gammaproteobacteria;o__Cellvibrionales;f__Halieaceae;g__Haliea;s__,d__Bacteria;p__Proteobacteria;c__Gammaproteobacteria;o__Pseudomonadales;f__Halieaceae;g__Halioglobus;s__Halioglobus sp004745945,True,not type material
GCF_004340525.1,Chromatocurvus halotolerans,d__Bacteria;p__Proteobacteria;c__Gammaproteobacteria;o__Cellvibrionales;f__Halieaceae;g__Chromatocurvus;s__Chromatocurvus halotolerans,d__Bacteria;p__Proteobacteria;c__Gammaproteobacteria;o__Pseudomonadales;f__Halieaceae;g__Chromatocurvus;s__Chromatocurvus halotolerans,True,type strain of species
GCF_902518075.1,Halieaceae bacterium,d__Bacteria;p__Proteobacteria;c__Gammaproteobacteria;o__Cellvibrionales;f__Halieaceae;g__;s__,d__Bacteria;p__Proteobacteria;c__Gammaproteobacteria;o__Pseudomonadales;f__Halieaceae;g__Luminiphilus;s__Luminiphilus sp902518075,True,not type material
GCF_902613175.1,Halieaceae bacterium,d__Bacteria;p__Proteobacteria;c__Gammaproteobacteria;o__Cellvibrionales;f__Halieaceae;g__;s__,d__Bacteria;p__Proteobacteria;c__Gammaproteobacteria;o__Pseudomonadales;f__Halieaceae;g__Luminiphilus;s__Luminiphilus sp902613175,True,not type material
GCF_902623175.1,Halieaceae bacterium,d__Bacteria;p__Proteobacteria;c__Gammaproteobacteria;o__Cellvibrionales;f__Halieaceae;g__;s__,d__Bacteria;p__Proteobacteria;c__Gammaproteobacteria;o__Pseudomonadales;f__Halieaceae;g__Luminiphilus;s__Luminiphilus sp902623175,True,not type material
GCF_009388985.1,Halioglobus maricola,d__Bacteria;p__Proteobacteria;c__Gammaproteobacteria;o__Cellvibrionales;f__Halieaceae;g__Halioglobus;s__Halioglobus maricola,d__Bacteria;p__Proteobacteria;c__Gammaproteobacteria;o__Pseudomonadales;f__Halieaceae;g__Halioglobus;s__Halioglobus maricola,True,type strain of species
GCF_902520195.1,Halieaceae bacterium,d__Bacteria;p__Proteobacteria;c__Gammaproteobacteria;o__Cellvibrionales;f__Halieaceae;g__;s__,d__Bacteria;p__Proteobacteria;c__Gammaproteobacteria;o__Pseudomonadales;f__Halieaceae;g__Luminiphilus;s__Luminiphilus sp902520195,True,not type material
GCF_902547755.1,Halieaceae bacterium,d__Bacteria;p__Proteobacteria;c__Gammaproteobacteria;o__Cellvibrionales;f__Halieaceae;g__;s__,d__Bacteria;p__Proteobacteria;c__Gammaproteobacteria;o__Pseudomonadales;f__Halieaceae;g__Luminiphilus;s__Luminiphilus sp902547755,True,not type material
GCF_902594775.1,Halieaceae bacterium,d__Bacteria;p__Proteobacteria;c__Gammaproteobacteria;o__Cellvibrionales;f__Halieaceae;g__;s__,d__Bacteria;p__Proteobacteria;c__Gammaproteobacteria;o__Pseudomonadales;f__Halieaceae;g__Luminiphilus;s__Luminiphilus sp002862405,False,not type material
GCF_902519685.1,Halieaceae bacterium,d__Bacteria;p__Proteobacteria;c__Gammaproteobacteria;o__Cellvibrionales;f__Halieaceae;g__;s__,d__Bacteria;p__Proteobacteria;c__Gammaproteobacteria;o__Pseudomonadales;f__Halieaceae;g__Luminiphilus;s__Luminiphilus sp002862405,False,not type material
GCF_902705825.1,Halioglobus japonicus,d__Bacteria;p__Proteobacteria;c__Gammaproteobacteria;o__Cellvibrionales;f__Halieaceae;g__Halioglobus;s__Halioglobus japonicus,d__Bacteria;p__Proteobacteria;c__Gammaproteobacteria;o__Pseudomonadales;f__Halieaceae;g__Halioglobus;s__Halioglobus japonicus_A,True,not type material
GCF_008064635.1,Parahaliea aestuarii,d__Bacteria;p__Proteobacteria;c__Gammaproteobacteria;o__Cellvibrionales;f__Halieaceae;g__Parahaliea;s__Parahaliea aestuarii,d__Bacteria;p__Proteobacteria;c__Gammaproteobacteria;o__Pseudomonadales;f__Halieaceae;g__Parahaliea;s__Parahaliea aestuarii,True,type strain of species
GCF_008064665.1,Parahaliea aestuarii,d__Bacteria;p__Proteobacteria;c__Gammaproteobacteria;o__Cellvibrionales;f__Halieaceae;g__Parahaliea;s__Parahaliea aestuarii,d__Bacteria;p__Proteobacteria;c__Gammaproteobacteria;o__Pseudomonadales;f__Halieaceae;g__Parahaliea;s__Parahaliea aestuarii_A,True,not type material
GCF_902631395.1,Halieaceae bacterium,d__Bacteria;p__Proteobacteria;c__Gammaproteobacteria;o__Cellvibrionales;f__Halieaceae;g__;s__,d__Bacteria;p__Proteobacteria;c__Gammaproteobacteria;o__Pseudomonadales;f__Halieaceae;g__Luminiphilus;s__Luminiphilus sp902631395,True,not type material
GCF_902623385.1,Halieaceae bacterium,d__Bacteria;p__Proteobacteria;c__Gammaproteobacteria;o__Cellvibrionales;f__Halieaceae;g__;s__,d__Bacteria;p__Proteobacteria;c__Gammaproteobacteria;o__Pseudomonadales;f__Halieaceae;g__Luminiphilus;s__Luminiphilus sp902631395,False,not type material
GCF_008370495.1,Halioglobus sp. NY5,d__Bacteria;p__Proteobacteria;c__Gammaproteobacteria;o__Cellvibrionales;f__Halieaceae;g__Halioglobus;s__,d__Bacteria;p__Proteobacteria;c__Gammaproteobacteria;o__Pseudomonadales;f__Halieaceae;g__Halioglobus;s__Halioglobus sp008370495,True,not type material
GCF_902522335.1,Halieaceae bacterium,d__Bacteria;p__Proteobacteria;c__Gammaproteobacteria;o__Cellvibrionales;f__Halieaceae;g__;s__,d__Bacteria;p__Proteobacteria;c__Gammaproteobacteria;o__Pseudomonadales;f__Halieaceae;g__Luminiphilus;s__Luminiphilus sp002862405,False,not type material
GCF_009910365.1,Halieaceae bacterium IMCC3088,d__Bacteria;p__Proteobacteria;c__Gammaproteobacteria;o__Cellvibrionales;f__Halieaceae;g__;s__,d__Bacteria;p__Proteobacteria;c__Gammaproteobacteria;o__Pseudomonadales;f__Halieaceae;g__IMCC3088;s__IMCC3088 sp000204315,True,not type material
GCF_010669285.1,Kineobactrum sp. M2,d__Bacteria;p__Proteobacteria;c__Gammaproteobacteria;o__Cellvibrionales;f__Halieaceae;g__Kineobactrum;s__,d__Bacteria;p__Proteobacteria;c__Gammaproteobacteria;o__Pseudomonadales;f__Halieaceae;g__Kineobactrum;s__Kineobactrum sp010669285,True,not type material
GCF_014077625.1,Parahaliea sp. F7430,d__Bacteria;p__Proteobacteria;c__Gammaproteobacteria;o__Cellvibrionales;f__Halieaceae;g__Parahaliea;s__,d__Bacteria;p__Proteobacteria;c__Gammaproteobacteria;o__Pseudomonadales;f__Halieaceae;g__Parahaliea;s__Parahaliea sp014077625,True,not type material
GCA_009886805.1,Halieaceae bacterium,d__Bacteria;p__Proteobacteria;c__Gammaproteobacteria;o__Cellvibrionales;f__Halieaceae;g__;s__,d__Bacteria;p__Proteobacteria;c__Gammaproteobacteria;o__Pseudomonadales;f__Halieaceae;g__Luminiphilus;s__Luminiphilus sp002390485,False,not type material
GCA_902519405.1,uncultured Gammaproteobacteria bacterium,d__Bacteria;p__Proteobacteria;c__Gammaproteobacteria;o__;f__;g__;s__,d__Bacteria;p__Proteobacteria;c__Gammaproteobacteria;o__Pseudomonadales;f__Halieaceae;g__CABYJX01;s__CABYJX01 sp902519405,True,not type material
GCA_009886815.1,Halieaceae bacterium,d__Bacteria;p__Proteobacteria;c__Gammaproteobacteria;o__Cellvibrionales;f__Halieaceae;g__;s__,d__Bacteria;p__Proteobacteria;c__Gammaproteobacteria;o__Pseudomonadales;f__Halieaceae;g__Luminiphilus;s__Luminiphilus sp009886815,True,not type material
GCA_008081075.1,Halieaceae bacterium,d__Bacteria;p__Proteobacteria;c__Gammaproteobacteria;o__Cellvibrionales;f__Halieaceae;g__;s__,d__Bacteria;p__Proteobacteria;c__Gammaproteobacteria;o__Pseudomonadales;f__Halieaceae;g__Luminiphilus;s__Luminiphilus sp008081075,True,not type material
GCA_009937065.1,Gammaproteobacteria bacterium,d__Bacteria;p__Proteobacteria;c__Gammaproteobacteria;o__;f__;g__;s__,d__Bacteria;p__Proteobacteria;c__Gammaproteobacteria;o__Pseudomonadales;f__Halieaceae;g__Luminiphilus;s__Luminiphilus sp009937065,True,not type material
GCA_012270045.1,Luminiphilus sp.,d__Bacteria;p__Proteobacteria;c__Gammaproteobacteria;o__Cellvibrionales;f__Halieaceae;g__Luminiphilus;s__,d__Bacteria;p__Proteobacteria;c__Gammaproteobacteria;o__Pseudomonadales;f__Halieaceae;g__Luminiphilus;s__Luminiphilus sp012270045,True,not type material
GCA_011524755.1,Halieaceae bacterium,d__Bacteria;p__Proteobacteria;c__Gammaproteobacteria;o__Cellvibrionales;f__Halieaceae;g__;s__,d__Bacteria;p__Proteobacteria;c__Gammaproteobacteria;o__Pseudomonadales;f__Halieaceae;g__Luminiphilus;s__Luminiphilus sp011524755,True,not type material
GCA_012269495.1,Luminiphilus sp.,d__Bacteria;p__Proteobacteria;c__Gammaproteobacteria;o__Cellvibrionales;f__Halieaceae;g__Luminiphilus;s__,d__Bacteria;p__Proteobacteria;c__Gammaproteobacteria;o__Pseudomonadales;f__Halieaceae;g__Luminiphilus;s__Luminiphilus sp002696455,False,not type material
GCA_011522735.1,Halieaceae bacterium,d__Bacteria;p__Proteobacteria;c__Gammaproteobacteria;o__Cellvibrionales;f__Halieaceae;g__;s__,d__Bacteria;p__Proteobacteria;c__Gammaproteobacteria;o__Pseudomonadales;f__Halieaceae;g__Luminiphilus;s__Luminiphilus sp012270045,False,not type material
GCA_009937575.1,Haliea sp.,d__Bacteria;p__Proteobacteria;c__Gammaproteobacteria;o__Cellvibrionales;f__Halieaceae;g__Haliea;s__,d__Bacteria;p__Proteobacteria;c__Gammaproteobacteria;o__Pseudomonadales;f__Halieaceae;g__Halioglobus;s__Halioglobus sp009937575,True,not type material
GCA_011523115.1,Halieaceae bacterium,d__Bacteria;p__Proteobacteria;c__Gammaproteobacteria;o__Cellvibrionales;f__Halieaceae;g__;s__,d__Bacteria;p__Proteobacteria;c__Gammaproteobacteria;o__Pseudomonadales;f__Halieaceae;g__Luminiphilus;s__Luminiphilus sp011523115,True,not type material
GCA_013214775.1,Halieaceae bacterium,d__Bacteria;p__Proteobacteria;c__Gammaproteobacteria;o__Cellvibrionales;f__Halieaceae;g__;s__,d__Bacteria;p__Proteobacteria;c__Gammaproteobacteria;o__Pseudomonadales;f__Halieaceae;g__Halioglobus_A;s__Halioglobus_A pacificus,False,not type material
GCA_013214285.1,Halioglobus sp.,d__Bacteria;p__Proteobacteria;c__Gammaproteobacteria;o__Cellvibrionales;f__Halieaceae;g__Halioglobus;s__,d__Bacteria;p__Proteobacteria;c__Gammaproteobacteria;o__Pseudomonadales;f__Halieaceae;g__Halioglobus;s__Halioglobus sp013214285,True,not type material
GCA_013911345.1,Congregibacter sp.,d__Bacteria;p__Proteobacteria;c__Gammaproteobacteria;o__Cellvibrionales;f__Halieaceae;g__Congregibacter;s__,d__Bacteria;p__Proteobacteria;c__Gammaproteobacteria;o__Pseudomonadales;f__Halieaceae;g__Luminiphilus;s__Luminiphilus sp013911345,True,not type material
GCA_014652255.1,Halioglobus japonicus,d__Bacteria;p__Proteobacteria;c__Gammaproteobacteria;o__Cellvibrionales;f__Halieaceae;g__Halioglobus;s__Halioglobus japonicus,d__Bacteria;p__Proteobacteria;c__Gammaproteobacteria;o__Pseudomonadales;f__Halieaceae;g__Halioglobus;s__Halioglobus japonicus,False,type strain of species
GCA_014652275.1,Halioglobus pacificus,d__Bacteria;p__Proteobacteria;c__Gammaproteobacteria;o__Cellvibrionales;f__Halieaceae;g__Halioglobus;s__Halioglobus pacificus,d__Bacteria;p__Proteobacteria;c__Gammaproteobacteria;o__Pseudomonadales;f__Halieaceae;g__Halioglobus_A;s__Halioglobus_A pacificus,True,type strain of species
